2020-01-03,BOUGHT,AEO,1,13.1177
2020-01-06,BOUGHT,AEO,1,13.2479
2020-01-07,BOUGHT,AEO,1,13.2944
2020-01-07,SOLD,AEO,3,13.2944
2020-01-08,BOUGHT,AEO,1,13.3688
2020-01-09,BOUGHT,CRM,1,178.84
2020-01-09,SOLD,CRM,1,178.84
2020-01-10,BOUGHT,LUV,1,52.9897
2020-01-13,BOUGHT,CROX,1,43.04
2020-01-13,SOLD,CROX,1,43.04
2020-01-14,BOUGHT,AMD,1,48.64
2020-01-15,BOUGHT,NVDA,1,61.7118
2020-01-16,BOUGHT,ADBE,1,345.98
2020-01-17,BOUGHT,PTON,1,31
2020-01-21,BOUGHT,ADBE,1,346.37
2020-01-21,SOLD,ADBE,2,346.37
2020-01-22,BOUGHT,CSCO,1,44.179
2020-01-23,BOUGHT,CL,1,64.4958
2020-01-24,BOUGHT,HLT,1,110.559
2020-01-24,SOLD,HLT,1,110.559
2020-01-27,BOUGHT,TM,1,141.44
2020-01-28,BOUGHT,SHOP,1,45.35
2020-01-29,BOUGHT,NVDA,1,61.6122
2020-01-30,BOUGHT,UBER,1,36.82
2020-01-31,BOUGHT,AMD,1,48.4
2020-02-03,BOUGHT,FDX,1,137.349
2020-02-04,BOUGHT,PHG,1,44.9608
2020-02-04,SOLD,AMD,2,49.21
2020-02-05,BOUGHT,AXP,1,127.012
2020-02-06,BOUGHT,AMZN,1,102.051
2020-02-06,SOLD,FDX,1,142.9
2020-02-07,BOUGHT,AEO,1,13.5828
2020-02-07,SOLD,PHG,1,45.5551
2020-02-10,BOUGHT,NVDA,1,62.8848
2020-02-11,BOUGHT,FDX,1,149.404
2020-02-12,BOUGHT,ZM,1,88.66
2020-02-13,BOUGHT,LUV,1,56.6069
2020-02-14,BOUGHT,HLT,1,112.186
2020-02-14,SOLD,CSCO,1,42.2785
2020-02-18,BOUGHT,BAMXF,1,57.4991
2020-02-19,BOUGHT,JWN,1,36.8423
2020-02-20,BOUGHT,KO,1,53.513
2020-02-21,BOUGHT,DIS,1,139.86
2020-02-21,SOLD,DIS,1,139.86
2020-02-24,BOUGHT,SQ,1,76.57
2020-02-25,BOUGHT,FDX,1,146.94
2020-02-26,BOUGHT,MSFT,1,164.319
2020-02-26,SOLD,FDX,2,139.162
2020-02-27,BOUGHT,ZM,1,109.43
2020-02-28,BOUGHT,PTON,1,28
2020-02-28,SOLD,PTON,2,28
2020-03-02,BOUGHT,AMZN,1,95.3245
2020-03-03,BOUGHT,SPOT,1,139.43
2020-03-04,BOUGHT,AAPL,1,72.467
2020-03-04,SOLD,AMZN,2,97.3285
2020-03-05,BOUGHT,AEO,1,12.2618
2020-03-06,BOUGHT,COST,1,296.268
2020-03-06,SOLD,NVDA,3,66.3065
2020-03-09,BOUGHT,SPOT,1,136.93
2020-03-09,SOLD,SPOT,2,136.93
2020-03-10,BOUGHT,SPOT,1,141.76
2020-03-10,SOLD,SPOT,1,141.76
2020-03-11,BOUGHT,SPOT,1,139.08
2020-03-11,SOLD,SPOT,1,139.08
2020-03-12,BOUGHT,ZM,1,106.25
2020-03-12,SOLD,ZM,3,106.25
2020-03-13,BOUGHT,ADDYY,1,98.7426
2020-03-16,BOUGHT,COST,1,267.499
2020-03-16,SOLD,COST,2,267.499
2020-03-17,BOUGHT,AMZN,1,88.7735
2020-03-17,SOLD,AMZN,1,88.7735
2020-03-18,BOUGHT,CL,1,62.4064
2020-03-18,SOLD,CL,2,62.4064
2020-03-19,BOUGHT,NKE,1,64.7747
2020-03-19,SOLD,NKE,1,64.7747
2020-03-20,BOUGHT,PTON,1,25
2020-03-20,SOLD,PTON,1,25
2020-03-23,BOUGHT,AMZN,1,91.3875
2020-03-23,SOLD,ADDYY,1,93.4958
2020-03-24,BOUGHT,COST,1,279.61
2020-03-24,SOLD,COST,1,279.61
2020-03-25,BOUGHT,AMZN,1,96.0345
2020-03-26,BOUGHT,CRM,1,148.3
2020-03-26,SOLD,LUV,2,40.0298
2020-03-27,BOUGHT,CROX,1,18
2020-03-30,BOUGHT,AAPL,1,61.2953
2020-03-30,SOLD,AAPL,2,61.2953
2020-03-31,BOUGHT,HMC,1,20.7748
2020-04-01,BOUGHT,ADBE,1,307
2020-04-02,BOUGHT,SPOT,1,120.69
2020-04-03,BOUGHT,PTON,1,27.07
2020-04-03,SOLD,PTON,1,27.07
2020-04-06,BOUGHT,ADDYY,1,103.41
2020-04-06,SOLD,AEO,3,6.62395
2020-04-07,BOUGHT,PTON,1,28.8
2020-04-07,SOLD,PTON,1,28.8
2020-04-08,BOUGHT,DIS,1,100.53
2020-04-09,BOUGHT,SHOP,1,42.251
2020-04-09,SOLD,SHOP,2,42.251
2020-04-13,BOUGHT,AEO,1,8.97769
2020-04-13,SOLD,AXP,1,89.2963
2020-04-14,BOUGHT,ADDYY,1,118.271
2020-04-15,BOUGHT,TM,1,124.06
2020-04-15,SOLD,TM,2,124.06
2020-04-16,BOUGHT,TGT,1,99.7208
2020-04-17,BOUGHT,PTON,1,33.9
2020-04-20,BOUGHT,PG,1,111.392
2020-04-20,SOLD,SPOT,1,140.69
2020-04-21,BOUGHT,CL,1,66.212
2020-04-22,BOUGHT,HMC,1,20.5323
2020-04-23,BOUGHT,HD,1,187.139
2020-04-23,SOLD,HLT,1,71.1268
2020-04-24,BOUGHT,HLT,1,71.9912
2020-04-27,BOUGHT,ZM,1,156.59
2020-04-27,SOLD,MSFT,1,170.98
2020-04-28,BOUGHT,PTON,1,31.94
2020-04-28,SOLD,PTON,2,31.94
2020-04-29,BOUGHT,MSFT,1,167.717
2020-04-30,BOUGHT,TGT,1,103.523
2020-05-01,BOUGHT,NFLX,1,415.1
2020-05-01,SOLD,CROX,1,23.35
2020-05-04,BOUGHT,FDX,1,111.115
2020-05-05,BOUGHT,AXP,1,84.2327
2020-05-06,BOUGHT,HLT,1,72.021
2020-05-06,SOLD,FDX,1,112.794
2020-05-07,BOUGHT,UBER,1,29.6
2020-05-07,SOLD,NFLX,1,436.89
2020-05-08,BOUGHT,MAR,1,86.8459
2020-05-08,SOLD,TGT,2,106.906
2020-05-11,BOUGHT,POAHY,1,4.27342
2020-05-12,BOUGHT,V,1,179.183
2020-05-12,SOLD,V,1,179.183
2020-05-13,BOUGHT,MA,1,267.478
2020-05-13,SOLD,MSFT,1,176.751
2020-05-14,BOUGHT,PTON,1,45.39
2020-05-14,SOLD,PTON,1,45.39
2020-05-15,BOUGHT,UBER,1,32.26
2020-05-15,SOLD,UBER,3,32.26
2020-05-18,BOUGHT,DIS,1,114.47
2020-05-18,SOLD,DIS,2,114.47
2020-05-19,BOUGHT,PTON,1,45.08
2020-05-19,SOLD,PTON,1,45.08
2020-05-20,BOUGHT,DAL,1,22.2932
2020-05-21,BOUGHT,NKE,1,89.7416
2020-05-21,SOLD,ADDYY,2,115.826
2020-05-22,BOUGHT,AAPL,1,77.4014
2020-05-26,BOUGHT,HLT,1,84.5792
2020-05-27,BOUGHT,MCD,1,174.298
2020-05-27,SOLD,AAPL,1,77.4921
2020-05-28,BOUGHT,ADBE,1,372.5
2020-05-29,BOUGHT,NKE,1,95.1088
2020-05-29,SOLD,MCD,1,174.242
2020-06-01,BOUGHT,HMC,1,24.2544
2020-06-02,BOUGHT,AXP,1,94.3789
2020-06-03,BOUGHT,TSLA,1,59.208
2020-06-04,BOUGHT,GOOGL,1,71.839
2020-06-04,SOLD,GOOGL,1,71.839
2020-06-05,BOUGHT,ZM,1,200.11
2020-06-05,SOLD,AMZN,2,122.226
2020-06-08,BOUGHT,DAL,1,36.5532
2020-06-09,BOUGHT,UL,1,49.3302
2020-06-10,BOUGHT,MCD,1,185.119
2020-06-10,SOLD,PG,1,109.854
2020-06-11,BOUGHT,AMD,1,55.94
2020-06-12,BOUGHT,NVDA,1,91.3727
2020-06-12,SOLD,UL,1,48.7694
2020-06-15,BOUGHT,JNJ,1,129.342
2020-06-15,SOLD,ADBE,2,398.8
2020-06-16,BOUGHT,JNJ,1,132.177
2020-06-17,BOUGHT,UBSFY,1,15.26
2020-06-17,SOLD,UBSFY,1,15.26
2020-06-18,BOUGHT,AMZN,1,132.35
2020-06-19,BOUGHT,JNJ,1,133.736
2020-06-22,BOUGHT,TSLA,1,66.6633
2020-06-22,SOLD,JNJ,3,131.608
2020-06-23,BOUGHT,LUV,1,34.04
2020-06-24,BOUGHT,LOGI,1,60.155
2020-06-25,BOUGHT,TGT,1,111.858
2020-06-25,SOLD,AMZN,1,136.977
2020-06-26,BOUGHT,ADBE,1,436
2020-06-26,SOLD,ADBE,1,436
2020-06-29,BOUGHT,CROX,1,33.38
2020-06-29,SOLD,CROX,1,33.38
2020-06-30,BOUGHT,ZM,1,249.87
2020-06-30,SOLD,ZM,3,249.87
2020-07-01,BOUGHT,AEO,1,10.1499
2020-07-02,BOUGHT,CROX,1,36.12
2020-07-02,SOLD,LUV,1,33.9617
2020-07-06,BOUGHT,PTON,1,59.25
2020-07-07,BOUGHT,NKE,1,96.1065
2020-07-07,SOLD,NKE,3,96.1065
2020-07-08,BOUGHT,CSCO,1,41.5835
2020-07-08,SOLD,TSLA,2,93.6667
2020-07-09,BOUGHT,TSLA,1,93.1327
2020-07-09,SOLD,MCD,1,173.117
